{
    "type": "minecraft:chest",
    "pools": [
      {
        "bonus_rolls": 0.0,
        "entries": [
          {
            "type": "minecraft:item",
            "functions": [
              {
                "add": false,
                "count": {
                  "type": "minecraft:uniform",
                  "max": 1.0,
                  "min": 0.0
                },
                "function": "minecraft:set_count"
              }
            ],
            "name": "minecraft:iron_ingot",
            "weight": 3
          },
          {
            "type": "minecraft:item",
            "functions": [
              {
                "add": false,
                "count": {
                  "type": "minecraft:uniform",
                  "max": 5.0,
                  "min": 1.0
                },
                "function": "minecraft:set_count"
              }
            ],
            "name": "minecraft:iron_nugget",
            "weight": 10
          },
          {
            "type": "minecraft:item",
            "functions": [
              {
                "add": false,
                "count": {
                  "type": "minecraft:uniform",
                  "max": 3.0,
                  "min": 1.0
                },
                "function": "minecraft:set_count"
              }
            ],
            "name": "minecraft:gold_nugget",
            "weight": 5
          },
          {
            "type": "minecraft:item",
            "functions": [
              {
                "add": false,
                "count": {
                  "type": "minecraft:uniform",
                  "max": 2.0,
                  "min": 1.0
                },
                "function": "minecraft:set_count"
              }
            ],
            "name": "minecraft:bread",
            "weight": 15
          },
          {
            "type": "minecraft:item",
            "functions": [
              {
                "add": false,
                "count": {
                  "type": "minecraft:uniform",
                  "max": 2.0,
                  "min": 1.0
                },
                "function": "minecraft:set_count"
              }
            ],
            "name": "minecraft:apple",
            "weight": 15
          },
          {
            "type": "minecraft:item",
            "name": "minecraft:stone_pickaxe",
            "weight": 5
          },
          {
            "type": "minecraft:item",
            "name": "minecraft:stone_sword",
            "weight": 5
          },
          {
            "type": "minecraft:item",
            "name": "minecraft:leather_chestplate",
            "weight": 5
          },
          {
            "type": "minecraft:item",
            "name": "minecraft:leather_helmet",
            "weight": 5
          },
          {
            "type": "minecraft:item",
            "name": "minecraft:leather_leggings",
            "weight": 5
          },
          {
            "type": "minecraft:item",
            "name": "minecraft:leather_boots",
            "weight": 5
          },
          {
            "type": "minecraft:item",
            "functions": [
              {
                "add": false,
                "count": {
                  "type": "minecraft:uniform",
                  "max": 2.0,
                  "min": 1.0
                },
                "function": "minecraft:set_count"
              }
            ],
            "name": "minecraft:obsidian",
            "weight": 5
          },
          {
            "type": "minecraft:item",
            "functions": [
              {
                "add": false,
                "count": {
                  "type": "minecraft:uniform",
                  "max": 7.0,
                  "min": 3.0
                },
                "function": "minecraft:set_count"
              }
            ],
            "name": "minecraft:oak_sapling",
            "weight": 5
          },
          {
            "type": "minecraft:item",
            "name": "minecraft:saddle",
            "weight": 3
          },
          {
            "type": "minecraft:item",
            "name": "minecraft:iron_horse_armor"
          },
          {
            "type": "minecraft:item",
            "name": "minecraft:golden_horse_armor"
          },
          {
            "type": "minecraft:item",
            "name": "minecraft:diamond_horse_armor"
          }
        ],
        "rolls": {
          "type": "minecraft:uniform",
          "max": 8.0,
          "min": 3.0
        }
      }
    ],
    "random_sequence": "minecraft:chests/village/village_weaponsmith"
  }