{
    "type": "minecraft:crafting_shaped",
    "pattern": [
        "sds",
        "did",
        "ttt"
    ],
    "key": {
        "s": {
            "item": "minecraft:stone"
        },
        "d": {
            "tag": "minecraft:diamonds"
        },
        "i": {
            "item": "minecraft:iron_block"
        },
        "t": {
            "item": "minecraft:smooth_stone"
        }
    },
    "result": {
        "item": "minecraft:jigsaw",
        "count": 1
    }
}