{
  "parent": "minecraft:item/generated",
  "textures": {
    "layer0": "minecraft:item/charcoal"
  },
  "overrides": [
    {
      "predicate": {
        "custom_model_data": 1
      },
      "model": "minecraft:item/oak_bark"
    },
    {
      "predicate": {
        "custom_model_data": 2
      },
      "model": "minecraft:item/spruce_bark"
    },
    {
      "predicate": {
        "custom_model_data": 3
      },
      "model": "minecraft:item/dark_oak_bark"
    },
    {
      "predicate": {
        "custom_model_data": 4
      },
      "model": "minecraft:item/acacia_bark"
    },
    {
      "predicate": {
        "custom_model_data": 5
      },
      "model": "minecraft:item/jungle_bark"
    },
    {
      "predicate": {
        "custom_model_data": 6
      },
      "model": "minecraft:item/mangrove_bark"
    },
    {
      "predicate": {
        "custom_model_data": 7
      },
      "model": "minecraft:item/birch_bark"
    },
    {
      "predicate": {
        "custom_model_data": 8
      },
      "model": "minecraft:item/cherry_bark"
    },
    {
      "predicate": {
        "custom_model_data": 9
      },
      "model": "minecraft:item/crimson_bark"
    },
    {
      "predicate": {
        "custom_model_data": 10
      },
      "model": "minecraft:item/warped_bark"
    }
  ]
}
